{
    "n=128": {
        "steps": [
            0,
            1,
            2,
            3,
            4,
            5,
            6,
            7,
            8,
            9,
            10
        ],
        "accuracy": [
            0.2137983320697498,
            0.221379833206975,
            0.2266868840030326,
            0.22744503411675512,
            0.2304776345716452,
            0.2312357846853677,
            0.24184988627748294,
            0.2357846853677028,
            0.2517058377558757,
            0.25018953752843065,
            0.25473843821076575
        ]
    }
}