{
    "n=128": {
        "steps": [
            0,
            1,
            2,
            3,
            4,
            5,
            6,
            7,
            8,
            9,
            10
        ],
        "accuracy": [
            0.2137983320697498,
            0.221379833206975,
            0.2266868840030326,
            0.22744503411675512,
            0.2304776345716452,
            0.2312357846853677,
            0.24184988627748294,
            0.2357846853677028,
            0.2517058377558757,
            0.25018953752843065,
            0.25473843821076575
        ]
    },
    "n=256": {
        "steps": [
            0,
            1,
            2,
            3,
            4,
            5,
            6,
            7,
            8,
            9,
            10,
            11,
            12,
            13,
            14,
            15,
            16,
            17,
            18,
            19,
            20
        ],
        "accuracy": [
            0.21986353297952996,
            0.2221379833206975,
            0.2350265352539803,
            0.2312357846853677,
            0.22971948445792267,
            0.24109173616376042,
            0.25246398786959817,
            0.2562547384382108,
            0.2577710386656558,
            0.25549658832448824,
            0.2494313874147081,
            0.23881728582259287,
            0.25473843821076575,
            0.2312357846853677,
            0.2259287338893101,
            0.20697498104624715,
            0.17968157695223655,
            0.1607278241091736,
            0.13191811978771797,
            0.10386656557998483,
            0.07657316148597422
        ]
    }
}